{"total_pages_crawled": 300, "hourly_count": 100, "daily_count": 300, "last_reset_hour": 1770382425.6357985, "last_reset_day": 1770375225.6223435}