{"total_pages_crawled": 100, "hourly_count": 100, "daily_count": 100, "last_reset_hour": 1770375225.622343, "last_reset_day": 1770375225.6223435}