{"total_pages_crawled": 200, "hourly_count": 100, "daily_count": 200, "last_reset_hour": 1770378825.627826, "last_reset_day": 1770375225.6223435}